,id,budget,popularity,runtime,revenue
count,3000.0,3000.0,3000.0,2998.0,3000.0
mean,1500.5,22531334.11,8.463274199666666,107.85657104736491,66725851.88866667
std,866.1697293256098,37026086.411986925,12.104000034585491,22.086434428608545,137532326.3360184
min,1.0,0.0,1e-06,0.0,1.0
25%,750.75,0.0,4.018052750000001,94.0,2379808.25
50%,1500.5,8000000.0,7.3748615,104.0,16807068.0
75%,2250.25,29000000.0,10.890982999999999,118.0,68919203.5
max,3000.0,380000000.0,294.337037,338.0,1519557910.0
